corpus,commit,specification,assay_id,modality,status,generated_efgdl,compiles,compile_error,lane_count,capability_blockers,diagnostic_codes
"igvf-seqspec","7f7c7d6264a39910c69902e056621b1d22895636","specs/10xCRISPR/spec.yaml","10xCRISPR","crispr",NeedsUserPolicy,false,false,"",0,"","modality_reads_missing"
"igvf-seqspec","7f7c7d6264a39910c69902e056621b1d22895636","specs/10xCRISPR/spec.yaml","10xCRISPR","rna",BlockedSourceInvalid,false,false,"",6,"","primer_not_found"
"igvf-seqspec","7f7c7d6264a39910c69902e056621b1d22895636","specs/10x_atac/spec.yaml","10xATAC","atac",SupportedRequiresBinding,true,true,"",4,"",""
"igvf-seqspec","7f7c7d6264a39910c69902e056621b1d22895636","specs/10x_rna_5prime/spec.yaml","10xRNA5prime","rna",BlockedSeqprocCapability,false,false,"",3,"variable_read_window_layout","read_window_spans_regions"
"igvf-seqspec","7f7c7d6264a39910c69902e056621b1d22895636","specs/10x_rna_atac/spec.yaml","10xMultiome","atac",SupportedRequiresBinding,true,true,"",4,"",""
"igvf-seqspec","7f7c7d6264a39910c69902e056621b1d22895636","specs/10x_rna_atac/spec.yaml","10xMultiome","rna",SupportedRequiresBinding,true,true,"",3,"",""
"igvf-seqspec","7f7c7d6264a39910c69902e056621b1d22895636","specs/10x_rna_atac_multi/spec.yaml","10x-ATAC-RNA-MULTI","atac",SupportedRequiresBinding,true,true,"",4,"",""
"igvf-seqspec","7f7c7d6264a39910c69902e056621b1d22895636","specs/10x_rna_atac_multi/spec.yaml","10x-ATAC-RNA-MULTI","rna",SupportedRequiresBinding,true,true,"",3,"",""
"igvf-seqspec","7f7c7d6264a39910c69902e056621b1d22895636","specs/10x_rna_atac_multi/spec.yaml","10x-ATAC-RNA-MULTI","tag",SupportedRequiresBinding,true,true,"",3,"",""
"igvf-seqspec","7f7c7d6264a39910c69902e056621b1d22895636","specs/10x_rna_v1/spec.yaml","10xRNAv1","rna",Supported,true,true,"",2,"",""
"igvf-seqspec","7f7c7d6264a39910c69902e056621b1d22895636","specs/10x_rna_v2/spec.yaml","10xRNAv2","rna",SupportedRequiresBinding,true,true,"",2,"",""
"igvf-seqspec","7f7c7d6264a39910c69902e056621b1d22895636","specs/10x_rna_v3/spec.yaml","10xRNAv3","rna",SupportedRequiresBinding,true,true,"",3,"",""
"igvf-seqspec","7f7c7d6264a39910c69902e056621b1d22895636","specs/10xfb_3prime/spec.yaml","10xFB protein and RNA assay 3'","protein",NeedsUserPolicy,false,false,"",0,"","modality_reads_missing"
"igvf-seqspec","7f7c7d6264a39910c69902e056621b1d22895636","specs/10xfb_3prime/spec.yaml","10xFB protein and RNA assay 3'","rna",NeedsUserPolicy,false,false,"",0,"","modality_reads_missing"
"igvf-seqspec","7f7c7d6264a39910c69902e056621b1d22895636","specs/10xfb_5prime/spec.yaml","10xFB protein and RNA assay 5'","protein",NeedsUserPolicy,false,false,"",0,"","modality_reads_missing"
"igvf-seqspec","7f7c7d6264a39910c69902e056621b1d22895636","specs/10xfb_5prime/spec.yaml","10xFB protein and RNA assay 5'","rna",NeedsUserPolicy,false,false,"",0,"","modality_reads_missing"
"igvf-seqspec","7f7c7d6264a39910c69902e056621b1d22895636","specs/10xfb_vdj_5prime/spec.yaml","10xVDJ and RNA 5'","rna",NeedsUserPolicy,false,false,"",0,"","modality_reads_missing"
"igvf-seqspec","7f7c7d6264a39910c69902e056621b1d22895636","specs/10xfb_vdj_5prime/spec.yaml","10xVDJ and RNA 5'","vdj",NeedsUserPolicy,false,false,"",0,"","modality_reads_missing"
"igvf-seqspec","7f7c7d6264a39910c69902e056621b1d22895636","specs/PIPseqV2/spec.yaml","","RNA",SupportedRequiresBinding,true,true,"",2,"",""
"igvf-seqspec","7f7c7d6264a39910c69902e056621b1d22895636","specs/PIPseqV3/spec.yaml","","RNA",SupportedRequiresBinding,true,true,"",2,"",""
"igvf-seqspec","7f7c7d6264a39910c69902e056621b1d22895636","specs/SureCell/spec.yaml","","RNA",NeedsUserPolicy,false,false,"",0,"","modality_reads_missing"
"igvf-seqspec","7f7c7d6264a39910c69902e056621b1d22895636","specs/Tang2009/spec.yaml","","RNA",NeedsUserPolicy,false,false,"",0,"","modality_reads_missing"
"igvf-seqspec","7f7c7d6264a39910c69902e056621b1d22895636","specs/bd_rhapsody_eb/spec.yaml","BD-Rhapsody-EB","rna",NeedsUserPolicy,false,false,"",0,"","modality_reads_missing"
"igvf-seqspec","7f7c7d6264a39910c69902e056621b1d22895636","specs/bd_rhapsody_v1/spec.yaml","BD-Rhapsody-v1","rna",NeedsUserPolicy,false,false,"",0,"","modality_reads_missing"
"igvf-seqspec","7f7c7d6264a39910c69902e056621b1d22895636","specs/cel_seq/spec.yaml","CEL-Seq","rna",NeedsUserPolicy,false,false,"",0,"","modality_reads_missing"
"igvf-seqspec","7f7c7d6264a39910c69902e056621b1d22895636","specs/cel_seq2/spec.yaml","CEL-Seq2","rna",NeedsUserPolicy,false,false,"",0,"","modality_reads_missing"
"igvf-seqspec","7f7c7d6264a39910c69902e056621b1d22895636","specs/dogmaseq_dig/spec.yaml","DOGMAseq-DIG","atac",NeedsUserPolicy,false,false,"",0,"","modality_reads_missing"
"igvf-seqspec","7f7c7d6264a39910c69902e056621b1d22895636","specs/dogmaseq_dig/spec.yaml","DOGMAseq-DIG","protein",NeedsUserPolicy,false,false,"",0,"","modality_reads_missing"
"igvf-seqspec","7f7c7d6264a39910c69902e056621b1d22895636","specs/dogmaseq_dig/spec.yaml","DOGMAseq-DIG","rna",NeedsUserPolicy,false,false,"",0,"","modality_reads_missing"
"igvf-seqspec","7f7c7d6264a39910c69902e056621b1d22895636","specs/dogmaseq_dig/spec.yaml","DOGMAseq-DIG","tag",NeedsUserPolicy,false,false,"",0,"","modality_reads_missing"
"igvf-seqspec","7f7c7d6264a39910c69902e056621b1d22895636","specs/dogmaseq_lll/spec.yaml","DOGMAseq-LLL","atac",NeedsUserPolicy,false,false,"",0,"","modality_reads_missing"
"igvf-seqspec","7f7c7d6264a39910c69902e056621b1d22895636","specs/dogmaseq_lll/spec.yaml","DOGMAseq-LLL","protein",NeedsUserPolicy,false,false,"",0,"","modality_reads_missing"
"igvf-seqspec","7f7c7d6264a39910c69902e056621b1d22895636","specs/dogmaseq_lll/spec.yaml","DOGMAseq-LLL","rna",NeedsUserPolicy,false,false,"",0,"","modality_reads_missing"
"igvf-seqspec","7f7c7d6264a39910c69902e056621b1d22895636","specs/drop_seq/spec.yaml","Drop-seq","rna",NeedsUserPolicy,false,false,"",0,"","modality_reads_missing"
"igvf-seqspec","7f7c7d6264a39910c69902e056621b1d22895636","specs/inDropv2/spec.yaml","Indropv2","rna",NeedsUserPolicy,false,false,"",0,"","modality_reads_missing"
"igvf-seqspec","7f7c7d6264a39910c69902e056621b1d22895636","specs/issaac_seq/spec.yaml","","ATAC",NeedsUserPolicy,false,false,"",0,"","modality_reads_missing"
"igvf-seqspec","7f7c7d6264a39910c69902e056621b1d22895636","specs/issaac_seq/spec.yaml","","RNA",NeedsUserPolicy,false,false,"",0,"","modality_reads_missing"
"igvf-seqspec","7f7c7d6264a39910c69902e056621b1d22895636","specs/mars_seq/spec.yaml","","RNA",NeedsUserPolicy,false,false,"",0,"","modality_reads_missing"
"igvf-seqspec","7f7c7d6264a39910c69902e056621b1d22895636","specs/mcscrb_seq/spec.yaml","","RNA",NeedsUserPolicy,false,false,"",0,"","modality_reads_missing"
"igvf-seqspec","7f7c7d6264a39910c69902e056621b1d22895636","specs/microwell_seq/spec.yaml","","RNA",NeedsUserPolicy,false,false,"",0,"","modality_reads_missing"
"igvf-seqspec","7f7c7d6264a39910c69902e056621b1d22895636","specs/parse_wt_v2/spec.yaml","WT-Mega-v2","rna",BlockedSourceInvalid,false,false,"",0,"","modality_library_missing;modality_reads_missing"
"igvf-seqspec","7f7c7d6264a39910c69902e056621b1d22895636","specs/pi_atac_seq/spec.yaml","","ATAC",NeedsUserPolicy,false,false,"",0,"","modality_reads_missing"
"igvf-seqspec","7f7c7d6264a39910c69902e056621b1d22895636","specs/quartz_seq/spec.yaml","","RNA",NeedsUserPolicy,false,false,"",0,"","modality_reads_missing"
"igvf-seqspec","7f7c7d6264a39910c69902e056621b1d22895636","specs/quartz_seq2/spec.yaml","","RNA",NeedsUserPolicy,false,false,"",0,"","modality_reads_missing"
"igvf-seqspec","7f7c7d6264a39910c69902e056621b1d22895636","specs/scCRISPRa/spec.yaml","","crispr",NeedsUserPolicy,false,false,"",0,"","modality_reads_missing"
"igvf-seqspec","7f7c7d6264a39910c69902e056621b1d22895636","specs/scCRISPRa/spec.yaml","","rna",NeedsUserPolicy,false,false,"",0,"","modality_reads_missing"
"igvf-seqspec","7f7c7d6264a39910c69902e056621b1d22895636","specs/sci_rna_seq/spec.yaml","","RNA",NeedsUserPolicy,false,false,"",0,"","modality_reads_missing"
"igvf-seqspec","7f7c7d6264a39910c69902e056621b1d22895636","specs/sci_rna_seq3/spec.yaml","","RNA",NeedsUserPolicy,false,false,"",0,"","modality_reads_missing"
"igvf-seqspec","7f7c7d6264a39910c69902e056621b1d22895636","specs/scifi_rna_seq/spec.yaml","","RNA",NeedsUserPolicy,false,false,"",0,"","modality_reads_missing"
"igvf-seqspec","7f7c7d6264a39910c69902e056621b1d22895636","specs/seq_well/spec.yaml","","RNA",NeedsUserPolicy,false,false,"",0,"","modality_reads_missing"
"igvf-seqspec","7f7c7d6264a39910c69902e056621b1d22895636","specs/seq_well_s3/spec.yaml","","RNA",NeedsUserPolicy,false,false,"",0,"","modality_reads_missing"
"igvf-seqspec","7f7c7d6264a39910c69902e056621b1d22895636","specs/share_seq/spec.yaml","SHARE-Seq","atac",NeedsUserPolicy,false,false,"",0,"","modality_reads_missing"
"igvf-seqspec","7f7c7d6264a39910c69902e056621b1d22895636","specs/share_seq/spec.yaml","SHARE-Seq","rna",NeedsUserPolicy,false,false,"",0,"","modality_reads_missing"
"igvf-seqspec","7f7c7d6264a39910c69902e056621b1d22895636","specs/smart_seq2/spec.yaml","","RNA",NeedsUserPolicy,false,false,"",0,"","modality_reads_missing"
"igvf-seqspec","7f7c7d6264a39910c69902e056621b1d22895636","specs/smart_seq3/spec.yaml","","RNA_end",NeedsUserPolicy,false,false,"",0,"","modality_reads_missing"
"igvf-seqspec","7f7c7d6264a39910c69902e056621b1d22895636","specs/smart_seq3/spec.yaml","","RNA_internal",NeedsUserPolicy,false,false,"",0,"","modality_reads_missing"
"igvf-seqspec","7f7c7d6264a39910c69902e056621b1d22895636","specs/sn_m3c_seq/spec.yaml","sn-m3C-seq","hic",BlockedSourceInvalid,false,false,"",2,"","fixed_sequence_length_mismatch"
"igvf-seqspec","7f7c7d6264a39910c69902e056621b1d22895636","specs/sn_m3c_seq/spec.yaml","sn-m3C-seq","methyl",BlockedSourceInvalid,false,false,"",2,"","fixed_sequence_length_mismatch"
"igvf-seqspec","7f7c7d6264a39910c69902e056621b1d22895636","specs/snmCTseq/spec.yaml","snmCT-seq","methyl",BlockedSourceInvalid,false,false,"",2,"","fixed_sequence_length_mismatch"
"igvf-seqspec","7f7c7d6264a39910c69902e056621b1d22895636","specs/snmCTseq/spec.yaml","snmCT-seq","rna",BlockedSourceInvalid,false,false,"",2,"","fixed_sequence_length_mismatch"
"igvf-seqspec","7f7c7d6264a39910c69902e056621b1d22895636","specs/split_seq/spec.yaml","","RNA",SupportedRequiresBinding,true,true,"",2,"",""
"igvf-seqspec","7f7c7d6264a39910c69902e056621b1d22895636","specs/strt_seq/spec.yaml","","RNA",NeedsUserPolicy,false,false,"",0,"","modality_reads_missing"
"igvf-seqspec","7f7c7d6264a39910c69902e056621b1d22895636","specs/strt_seq_2i/spec.yaml","","RNA",NeedsUserPolicy,false,false,"",0,"","modality_reads_missing"
"igvf-seqspec","7f7c7d6264a39910c69902e056621b1d22895636","specs/strt_seq_c1/spec.yaml","","RNA",NeedsUserPolicy,false,false,"",0,"","modality_reads_missing"
"igvf-seqspec","7f7c7d6264a39910c69902e056621b1d22895636","specs/sugarseq/spec.yaml","SugarSeq","rna",NeedsUserPolicy,false,false,"",0,"","modality_reads_missing"
"igvf-seqspec","7f7c7d6264a39910c69902e056621b1d22895636","specs/sugarseq/spec.yaml","SugarSeq","tag",NeedsUserPolicy,false,false,"",0,"","modality_reads_missing"
"igvf-seqspec","7f7c7d6264a39910c69902e056621b1d22895636","specs/vasa_seq_drop/spec.yaml","","RNA",NeedsUserPolicy,false,false,"",0,"","modality_reads_missing"
"igvf-seqspec","7f7c7d6264a39910c69902e056621b1d22895636","specs/vasa_seq_plate/spec.yaml","","RNA",NeedsUserPolicy,false,false,"",0,"","modality_reads_missing"
"pachterlab-seqspec","0771046233fdf93542253c28ecda75054b730080","docs/examples/assays/10x_atac.spec.yaml","10xATAC","atac",SupportedRequiresBinding,true,true,"",4,"",""
"pachterlab-seqspec","0771046233fdf93542253c28ecda75054b730080","docs/examples/assays/10x_rna_5prime.spec.yaml","10xRNA5prime","rna",BlockedSeqprocCapability,false,false,"",3,"variable_read_window_layout","read_window_spans_regions"
"pachterlab-seqspec","0771046233fdf93542253c28ecda75054b730080","docs/examples/assays/10x_rna_atac.spec.yaml","10xMultiome","atac",SupportedRequiresBinding,true,true,"",4,"",""
"pachterlab-seqspec","0771046233fdf93542253c28ecda75054b730080","docs/examples/assays/10x_rna_atac.spec.yaml","10xMultiome","rna",SupportedRequiresBinding,true,true,"",3,"",""
"pachterlab-seqspec","0771046233fdf93542253c28ecda75054b730080","docs/examples/assays/10x_rna_atac_multi.spec.yaml","10x-ATAC-RNA-MULTI","atac",SupportedRequiresBinding,true,true,"",4,"",""
"pachterlab-seqspec","0771046233fdf93542253c28ecda75054b730080","docs/examples/assays/10x_rna_atac_multi.spec.yaml","10x-ATAC-RNA-MULTI","rna",SupportedRequiresBinding,true,true,"",3,"",""
"pachterlab-seqspec","0771046233fdf93542253c28ecda75054b730080","docs/examples/assays/10x_rna_atac_multi.spec.yaml","10x-ATAC-RNA-MULTI","tag",SupportedRequiresBinding,true,true,"",3,"",""
"pachterlab-seqspec","0771046233fdf93542253c28ecda75054b730080","docs/examples/assays/10x_rna_v1.spec.yaml","10xRNAv1","rna",SupportedRequiresBinding,true,true,"",4,"",""
"pachterlab-seqspec","0771046233fdf93542253c28ecda75054b730080","docs/examples/assays/10x_rna_v2.spec.yaml","10xRNAv2","rna",SupportedRequiresBinding,true,true,"",3,"",""
"pachterlab-seqspec","0771046233fdf93542253c28ecda75054b730080","docs/examples/assays/10x_rna_v3.spec.yaml","10xRNAv3","rna",SupportedRequiresBinding,true,true,"",3,"",""
"pachterlab-seqspec","0771046233fdf93542253c28ecda75054b730080","docs/examples/assays/10xcrispr.spec.yaml","10xCRISPR","crispr",NeedsUserPolicy,false,false,"",0,"","modality_reads_missing"
"pachterlab-seqspec","0771046233fdf93542253c28ecda75054b730080","docs/examples/assays/10xcrispr.spec.yaml","10xCRISPR","rna",SupportedRequiresBinding,true,true,"",6,"",""
"pachterlab-seqspec","0771046233fdf93542253c28ecda75054b730080","docs/examples/assays/10xfb_3prime.spec.yaml","10xFB protein and RNA assay 3'","protein",NeedsUserPolicy,false,false,"",0,"","modality_reads_missing"
"pachterlab-seqspec","0771046233fdf93542253c28ecda75054b730080","docs/examples/assays/10xfb_3prime.spec.yaml","10xFB protein and RNA assay 3'","rna",NeedsUserPolicy,false,false,"",0,"","modality_reads_missing"
"pachterlab-seqspec","0771046233fdf93542253c28ecda75054b730080","docs/examples/assays/10xfb_5prime.spec.yaml","10xFB protein and RNA assay 5'","protein",NeedsUserPolicy,false,false,"",0,"","modality_reads_missing"
"pachterlab-seqspec","0771046233fdf93542253c28ecda75054b730080","docs/examples/assays/10xfb_5prime.spec.yaml","10xFB protein and RNA assay 5'","rna",NeedsUserPolicy,false,false,"",0,"","modality_reads_missing"
"pachterlab-seqspec","0771046233fdf93542253c28ecda75054b730080","docs/examples/assays/10xfb_vdj_5prime.spec.yaml","10xVDJ and RNA 5'","rna",NeedsUserPolicy,false,false,"",0,"","modality_reads_missing"
"pachterlab-seqspec","0771046233fdf93542253c28ecda75054b730080","docs/examples/assays/10xfb_vdj_5prime.spec.yaml","10xVDJ and RNA 5'","vdj",NeedsUserPolicy,false,false,"",0,"","modality_reads_missing"
"pachterlab-seqspec","0771046233fdf93542253c28ecda75054b730080","docs/examples/assays/10xv3_scrnaseq_element_adept_truseq_dual.spec.yaml","element-adept-truseq-dual-index","rna",SupportedRequiresBinding,true,true,"",4,"",""
"pachterlab-seqspec","0771046233fdf93542253c28ecda75054b730080","docs/examples/assays/10xv3_scrnaseq_illumina_truseq_dual.spec.yaml","Illumina-novaseq-truseq-dual-index","rna",SupportedRequiresBinding,true,true,"",4,"",""
"pachterlab-seqspec","0771046233fdf93542253c28ecda75054b730080","docs/examples/assays/bd_rhapsody_eb.spec.yaml","BD-Rhapsody-EB","rna",BlockedSeqprocCapability,false,false,"",2,"general_variable_boundary_matching;variable_read_window_layout","read_window_spans_regions;undelimited_variable_region"
"pachterlab-seqspec","0771046233fdf93542253c28ecda75054b730080","docs/examples/assays/bd_rhapsody_v1.spec.yaml","BD-Rhapsody-v1","rna",BlockedSeqprocCapability,false,false,"",2,"general_variable_boundary_matching;partial_onlist_window_matching;variable_read_window_layout","read_window_spans_regions;undelimited_variable_region;variable_partial_onlist_region"
"pachterlab-seqspec","0771046233fdf93542253c28ecda75054b730080","docs/examples/assays/cel_seq.spec.yaml","CEL-Seq","rna",BlockedSeqprocCapability,false,false,"",2,"general_variable_boundary_matching;partial_fixed_prefix_matching;partial_onlist_window_matching;variable_read_window_layout","read_window_spans_regions;undelimited_variable_region;variable_partial_fixed_region;variable_partial_onlist_region"
"pachterlab-seqspec","0771046233fdf93542253c28ecda75054b730080","docs/examples/assays/cel_seq2.spec.yaml","CEL-Seq2","rna",BlockedSeqprocCapability,false,false,"",2,"general_variable_boundary_matching;partial_fixed_prefix_matching;partial_onlist_window_matching;variable_read_window_layout","read_window_spans_regions;undelimited_variable_region;variable_partial_fixed_region;variable_partial_onlist_region"
"pachterlab-seqspec","0771046233fdf93542253c28ecda75054b730080","docs/examples/assays/dogmaseq_dig.spec.yaml","DOGMAseq-DIG","atac",NeedsUserPolicy,false,false,"",0,"","modality_reads_missing"
"pachterlab-seqspec","0771046233fdf93542253c28ecda75054b730080","docs/examples/assays/dogmaseq_dig.spec.yaml","DOGMAseq-DIG","protein",NeedsUserPolicy,false,false,"",0,"","modality_reads_missing"
"pachterlab-seqspec","0771046233fdf93542253c28ecda75054b730080","docs/examples/assays/dogmaseq_dig.spec.yaml","DOGMAseq-DIG","rna",NeedsUserPolicy,false,false,"",0,"","modality_reads_missing"
"pachterlab-seqspec","0771046233fdf93542253c28ecda75054b730080","docs/examples/assays/dogmaseq_dig.spec.yaml","DOGMAseq-DIG","tag",NeedsUserPolicy,false,false,"",0,"","modality_reads_missing"
"pachterlab-seqspec","0771046233fdf93542253c28ecda75054b730080","docs/examples/assays/dogmaseq_lll.spec.yaml","DOGMAseq-LLL","atac",NeedsUserPolicy,false,false,"",0,"","modality_reads_missing"
"pachterlab-seqspec","0771046233fdf93542253c28ecda75054b730080","docs/examples/assays/dogmaseq_lll.spec.yaml","DOGMAseq-LLL","protein",NeedsUserPolicy,false,false,"",0,"","modality_reads_missing"
"pachterlab-seqspec","0771046233fdf93542253c28ecda75054b730080","docs/examples/assays/dogmaseq_lll.spec.yaml","DOGMAseq-LLL","rna",NeedsUserPolicy,false,false,"",0,"","modality_reads_missing"
"pachterlab-seqspec","0771046233fdf93542253c28ecda75054b730080","docs/examples/assays/drop_seq.spec.yaml","Drop-seq","rna",BlockedSeqprocCapability,false,false,"",2,"general_variable_boundary_matching;partial_fixed_prefix_matching;variable_read_window_layout","read_window_spans_regions;undelimited_variable_region;variable_partial_fixed_region"
"pachterlab-seqspec","0771046233fdf93542253c28ecda75054b730080","docs/examples/assays/indropv2.spec.yaml","Indropv2","rna",BlockedSeqprocCapability,false,false,"",2,"general_variable_boundary_matching;partial_fixed_prefix_matching;partial_onlist_window_matching;variable_read_window_layout","read_window_spans_regions;undelimited_variable_region;variable_partial_fixed_region;variable_partial_onlist_region"
"pachterlab-seqspec","0771046233fdf93542253c28ecda75054b730080","docs/examples/assays/issaac_seq.spec.yaml","","ATAC",BlockedSeqprocCapability,false,false,"",4,"general_variable_boundary_matching;partial_fixed_prefix_matching;variable_read_window_layout","read_window_spans_regions;undelimited_variable_region;variable_partial_fixed_region"
"pachterlab-seqspec","0771046233fdf93542253c28ecda75054b730080","docs/examples/assays/issaac_seq.spec.yaml","","RNA",BlockedSeqprocCapability,false,false,"",4,"general_variable_boundary_matching;partial_fixed_prefix_matching;variable_read_window_layout","read_window_spans_regions;undelimited_variable_region;variable_partial_fixed_region"
"pachterlab-seqspec","0771046233fdf93542253c28ecda75054b730080","docs/examples/assays/mars_seq.spec.yaml","","RNA",BlockedSeqprocCapability,false,false,"",2,"general_variable_boundary_matching;partial_fixed_prefix_matching;variable_read_window_layout","read_window_spans_regions;undelimited_variable_region;variable_partial_fixed_region"
"pachterlab-seqspec","0771046233fdf93542253c28ecda75054b730080","docs/examples/assays/mcscrb_seq.spec.yaml","","RNA",BlockedSeqprocCapability,false,false,"",2,"general_variable_boundary_matching;partial_fixed_prefix_matching;variable_read_window_layout","read_window_spans_regions;undelimited_variable_region;variable_partial_fixed_region"
"pachterlab-seqspec","0771046233fdf93542253c28ecda75054b730080","docs/examples/assays/microwell_seq.spec.yaml","","RNA",BlockedSeqprocCapability,false,false,"",2,"general_variable_boundary_matching;partial_fixed_prefix_matching;variable_read_window_layout","read_window_spans_regions;undelimited_variable_region;variable_partial_fixed_region"
"pachterlab-seqspec","0771046233fdf93542253c28ecda75054b730080","docs/examples/assays/parse_wt_v2.spec.yaml","WT-Mega-v2","rna",SupportedRequiresBinding,true,true,"",2,"",""
"pachterlab-seqspec","0771046233fdf93542253c28ecda75054b730080","docs/examples/assays/pi_atac_seq.spec.yaml","","ATAC",BlockedSourceInvalid,false,false,"",2,"","fixed_sequence_length_mismatch;primer_not_unique"
"pachterlab-seqspec","0771046233fdf93542253c28ecda75054b730080","docs/examples/assays/pipseqv2.spec.yaml","","RNA",BlockedSeqprocCapability,false,false,"",3,"general_variable_boundary_matching;partial_fixed_prefix_matching;variable_read_window_layout","read_window_spans_regions;undelimited_variable_region;variable_partial_fixed_region"
"pachterlab-seqspec","0771046233fdf93542253c28ecda75054b730080","docs/examples/assays/pipseqv3.spec.yaml","","RNA",BlockedSeqprocCapability,false,false,"",4,"general_variable_boundary_matching;partial_fixed_prefix_matching;variable_read_window_layout","read_window_spans_regions;undelimited_variable_region;variable_partial_fixed_region"
"pachterlab-seqspec","0771046233fdf93542253c28ecda75054b730080","docs/examples/assays/quartz_seq.spec.yaml","","RNA",BlockedSourceInvalid,false,false,"",2,"","read_window_exceeds_library"
"pachterlab-seqspec","0771046233fdf93542253c28ecda75054b730080","docs/examples/assays/quartz_seq2.spec.yaml","","RNA",BlockedSourceInvalid,false,false,"",2,"general_variable_boundary_matching;variable_read_window_layout","fixed_sequence_length_mismatch;read_window_spans_regions;undelimited_variable_region"
"pachterlab-seqspec","0771046233fdf93542253c28ecda75054b730080","docs/examples/assays/sccrispra.spec.yaml","","crispr",NeedsUserPolicy,false,false,"",0,"","modality_reads_missing"
"pachterlab-seqspec","0771046233fdf93542253c28ecda75054b730080","docs/examples/assays/sccrispra.spec.yaml","","rna",NeedsUserPolicy,false,false,"",0,"","modality_reads_missing"
"pachterlab-seqspec","0771046233fdf93542253c28ecda75054b730080","docs/examples/assays/sci_rna_seq.spec.yaml","","RNA",BlockedSeqprocCapability,false,false,"",4,"general_variable_boundary_matching;partial_fixed_prefix_matching;variable_read_window_layout","read_window_spans_regions;undelimited_variable_region;variable_partial_fixed_region"
"pachterlab-seqspec","0771046233fdf93542253c28ecda75054b730080","docs/examples/assays/sci_rna_seq3.spec.yaml","","RNA",BlockedSeqprocCapability,false,false,"",2,"general_variable_boundary_matching;partial_fixed_prefix_matching;partial_onlist_window_matching;variable_read_window_layout","read_window_spans_regions;undelimited_variable_region;variable_partial_fixed_region;variable_partial_onlist_region"
"pachterlab-seqspec","0771046233fdf93542253c28ecda75054b730080","docs/examples/assays/scifi_rna_seq.spec.yaml","","RNA",BlockedSourceInvalid,false,false,"",2,"general_variable_boundary_matching;partial_onlist_window_matching;variable_read_window_layout","primer_not_unique;read_window_spans_regions;undelimited_variable_region;variable_partial_onlist_region"
"pachterlab-seqspec","0771046233fdf93542253c28ecda75054b730080","docs/examples/assays/seq_well.spec.yaml","","RNA",BlockedSeqprocCapability,false,false,"",2,"general_variable_boundary_matching;partial_fixed_prefix_matching;variable_read_window_layout","read_window_spans_regions;undelimited_variable_region;variable_partial_fixed_region"
"pachterlab-seqspec","0771046233fdf93542253c28ecda75054b730080","docs/examples/assays/seq_well_s3.spec.yaml","","RNA",BlockedSeqprocCapability,false,false,"",2,"general_variable_boundary_matching;partial_fixed_prefix_matching;variable_read_window_layout","read_window_spans_regions;undelimited_variable_region;variable_partial_fixed_region"
"pachterlab-seqspec","0771046233fdf93542253c28ecda75054b730080","docs/examples/assays/share_seq.spec.yaml","SHARE-Seq","atac",NeedsUserPolicy,false,false,"",0,"","modality_reads_missing"
"pachterlab-seqspec","0771046233fdf93542253c28ecda75054b730080","docs/examples/assays/share_seq.spec.yaml","SHARE-Seq","rna",NeedsUserPolicy,false,false,"",0,"","modality_reads_missing"
"pachterlab-seqspec","0771046233fdf93542253c28ecda75054b730080","docs/examples/assays/smart_seq2.spec.yaml","","RNA",BlockedSourceInvalid,false,false,"",2,"","read_window_exceeds_library"
"pachterlab-seqspec","0771046233fdf93542253c28ecda75054b730080","docs/examples/assays/smart_seq3.spec.yaml","","RNA_end",NeedsUserPolicy,false,false,"",0,"","modality_reads_missing"
"pachterlab-seqspec","0771046233fdf93542253c28ecda75054b730080","docs/examples/assays/smart_seq3.spec.yaml","","RNA_internal",NeedsUserPolicy,false,false,"",0,"","modality_reads_missing"
"pachterlab-seqspec","0771046233fdf93542253c28ecda75054b730080","docs/examples/assays/sn_m3c_seq.spec.yaml","sn-m3C-seq","hic",BlockedSourceInvalid,false,false,"",4,"","fixed_sequence_length_mismatch"
"pachterlab-seqspec","0771046233fdf93542253c28ecda75054b730080","docs/examples/assays/sn_m3c_seq.spec.yaml","sn-m3C-seq","methyl",BlockedSourceInvalid,false,false,"",4,"","fixed_sequence_length_mismatch"
"pachterlab-seqspec","0771046233fdf93542253c28ecda75054b730080","docs/examples/assays/snmctseq.spec.yaml","snmCT-seq","methyl",BlockedSourceInvalid,false,false,"",4,"","fixed_sequence_length_mismatch"
"pachterlab-seqspec","0771046233fdf93542253c28ecda75054b730080","docs/examples/assays/snmctseq.spec.yaml","snmCT-seq","rna",BlockedSourceInvalid,false,false,"",4,"","fixed_sequence_length_mismatch"
"pachterlab-seqspec","0771046233fdf93542253c28ecda75054b730080","docs/examples/assays/split_seq.spec.yaml","","RNA",BlockedSeqprocCapability,false,false,"",4,"general_variable_boundary_matching;partial_fixed_prefix_matching;variable_read_window_layout","read_window_spans_regions;undelimited_variable_region;variable_partial_fixed_region"
"pachterlab-seqspec","0771046233fdf93542253c28ecda75054b730080","docs/examples/assays/strt_seq.spec.yaml","","RNA",BlockedSourceInvalid,false,false,"",2,"","primer_not_found"
"pachterlab-seqspec","0771046233fdf93542253c28ecda75054b730080","docs/examples/assays/strt_seq_2i.spec.yaml","","RNA",BlockedSourceInvalid,false,false,"",2,"","primer_not_found"
"pachterlab-seqspec","0771046233fdf93542253c28ecda75054b730080","docs/examples/assays/strt_seq_c1.spec.yaml","","RNA",BlockedSourceInvalid,false,false,"",2,"","primer_not_found"
"pachterlab-seqspec","0771046233fdf93542253c28ecda75054b730080","docs/examples/assays/sugarseq.spec.yaml","SugarSeq","rna",NeedsUserPolicy,false,false,"",0,"","modality_reads_missing"
"pachterlab-seqspec","0771046233fdf93542253c28ecda75054b730080","docs/examples/assays/sugarseq.spec.yaml","SugarSeq","tag",NeedsUserPolicy,false,false,"",0,"","modality_reads_missing"
"pachterlab-seqspec","0771046233fdf93542253c28ecda75054b730080","docs/examples/assays/surecell.spec.yaml","","RNA",BlockedSeqprocCapability,false,false,"",2,"general_variable_boundary_matching;partial_fixed_prefix_matching;variable_read_window_layout","read_window_spans_regions;undelimited_variable_region;variable_partial_fixed_region"
"pachterlab-seqspec","0771046233fdf93542253c28ecda75054b730080","docs/examples/assays/tang2009.spec.yaml","","RNA",BlockedSourceInvalid,false,false,"",2,"","primer_not_found"
"pachterlab-seqspec","0771046233fdf93542253c28ecda75054b730080","docs/examples/assays/template.spec.yaml","","mode",BlockedSourceInvalid,false,false,"",0,"","missing_sequence_spec;modality_reads_missing"
"pachterlab-seqspec","0771046233fdf93542253c28ecda75054b730080","docs/examples/assays/vasa_seq_drop.spec.yaml","","RNA",BlockedSeqprocCapability,false,false,"",2,"general_variable_boundary_matching;variable_read_window_layout","read_window_spans_regions;undelimited_variable_region"
"pachterlab-seqspec","0771046233fdf93542253c28ecda75054b730080","docs/examples/assays/vasa_seq_plate.spec.yaml","","RNA",BlockedSeqprocCapability,false,false,"",2,"general_variable_boundary_matching;partial_fixed_prefix_matching;partial_onlist_window_matching;variable_read_window_layout","read_window_spans_regions;undelimited_variable_region;variable_partial_fixed_region;variable_partial_onlist_region"
